<?xml version="1.0" encoding="UTF-8" ?>
<!DOCTYPE mapper        PUBLIC "-//mybatis.org//DTD Mapper 3.0//EN"
        "http://mybatis.org/dtd/mybatis-3-mapper.dtd">
<mapper namespace="com.tan.webstore.mapper.AdressMapper">

<!--    添加结果映射-->
    <resultMap id="AddressEntityMap" type="com.tan.webstore.POJO.Address">
        <id column="aid" property="aid"/>
        <result column="province_code" property="provinceCode"/>
        <result column="province_name" property="provinceName"/>
        <result column="city_code" property="cityCode"/>
        <result column="city_name" property="cityName"/>
        <result column="area_code" property="areaCode"/>
        <result column="area_name" property="areaName"/>
        <result column="is_default" property="isDefault"/>
        <result column="created_user" property="createdUser"/>
        <result column="created_time" property="createdTime"/>
        <result column="modified_user" property="modifiedUser"/>
        <result column="modified_time" property="modifiedTime"/>
    </resultMap>



    <insert id="insertAdress" useGeneratedKeys="true" keyProperty="aid">
        INSERT INTO t_address (
            uid, name, province_name, province_code, city_name, city_code, area_name, area_code, zip,
            address, phone, tel, tag, is_default, created_user, created_time, modified_user, modified_time
        ) VALUES (
                     #{uid}, #{name}, #{provinceName}, #{provinceCode}, #{cityName}, #{cityCode}, #{areaName},
                     #{areaCode}, #{zip}, #{address}, #{phone}, #{tel}, #{tag}, #{isDefault}, #{createdUser},
                     #{createdTime}, #{modifiedUser}, #{modifiedTime}
                 )
    </insert>


    <!-- 统计某用户的收货地址数据的数量：Integer countByUid(Integer uid) -->
    <select id="countByUid" resultType="java.lang.Integer">
        SELECT
            COUNT(*)
        FROM
            t_address
        WHERE
            uid=#{uid}
    </select>

    <!-- 查询某用户的收货地址列表数据：List<Address> findByUid(Integer uid) -->
    <select id="findByUid" resultMap="AddressEntityMap">
        SELECT
            *
        FROM
            t_address
        WHERE
            uid=#{uid}
        ORDER BY
            is_default DESC, created_time DESC
    </select>



<select id="FindAdressByUID" resultMap="AddressEntityMap">
    select  *from t_address where uid=#{uid}
    Order by is_default DESC,created_time desc;

</select>



    <!-- 将某用户的所有收货地址设置为非默认地址：Integer updateNonDefaultByUid(Integer uid) -->
    <update id="updateNonDefaultByUid">
        UPDATE
            t_address
        SET
            is_default=0
        WHERE
            uid=#{uid}
    </update>

    <!-- 将指定的收货地址设置为默认地址：
         Integer updateDefaultByAid(
            @Param("aid") Integer aid,
            @Param("modifiedUser") String modifiedUser,
            @Param("modifiedTime") Date modifiedTime) -->
    <update id="updateDefaultByAid">
        UPDATE
            t_address
        SET
            is_default=1,
            modified_user=#{modifiedUser},
            modified_time=#{modifiedTime}
        WHERE
            aid=#{aid}
    </update>

    <!-- 根据收货地址aid值，查询收货地址详情：Address findByAid(Integer aid) -->
    <select id="findByAid" resultMap="AddressEntityMap">
        SELECT
            *
        FROM
            t_address
        WHERE
            aid=#{aid}
    </select>

    <!-- 根据收货地址id删除数据：Integer deleteByAid(Integer aid) -->
    <delete id="deleteByAid">
        DELETE FROM
            t_address
        WHERE
            aid=#{aid}
    </delete>

    <!-- 查询某用户最后修改的收货地址：Address findLastModified(Integer uid) -->
    <select id="findLastModified" resultMap="AddressEntityMap">
        SELECT
            *
        FROM
            t_address
        WHERE
            uid=#{uid}
        ORDER BY
            modified_time DESC
        LIMIT 0,1
    </select>

</mapper>