<?xml version="1.0" encoding="UTF-8" ?>
<!DOCTYPE mapper        PUBLIC "-//mybatis.org//DTD Mapper 3.0//EN"
        "http://mybatis.org/dtd/mybatis-3-mapper.dtd">
<mapper namespace="com.tan.webstore.mapper.Usermapper">
<!-- resultMap id -->
    <resultMap id="UserEntity" type="com.tan.webstore.POJO.User">
<!--  数据库与类名字不一致的自定义提供映射来完成属性映射
在使用这个时，主键不可少

-->
        <result column="uid" property="uid"></result>
        <result column="is_delete" property="isDelete"></result>
        <result column="created_user" property="createdUser"/>
        <result column="modified_user" property="modifiedUser"></result>

        <result column="modified_time" property="modifiedTime"></result>
        <result column="created_time" property="createdTime"/>
    </resultMap>

<!--这里主键设置为递增，后面的 keyProperty="uid"代表这件递增-->
    <insert id="addUser" useGeneratedKeys="true" keyProperty="uid" >
        insert into store.t_user( username, password, salt, phone,
                                 email, gender, avatar, is_delete,
                                 created_user, created_time, modified_user, modified_time)
                                 values (#{ username },
               #{PASSWORD},#{salt},#{phone },#{email},
                 #{gender},#{avatar},#{isDelete},
                   #{createdUser},#{createdTime},
                 #{modifiedUser},#{modifiedTime}
     );
    </insert>
    <select id="byUsername" resultMap="UserEntity" >
# 这里表的字段和类对象字段不一致时，自定义映射规则 查询集为resultMap=""
        select *from t_user where username=#{username}
    </select>





    <!--修改密码所执行的操作-->
    <select id="findByUid" resultMap="UserEntity">
    select *from t_user where uid=#{uid}
    </select>

<!--  修改密码 -->
    <update id="UpdatePassword">
        update t_user set
                          password=#{password},
                          modified_user=#{modifiedUser},
                          modified_time=#{modifiedTime} where uid=#{uid}
    </update>


    <!-- 根据uid更新用户个人资料：Integer updateInfoByUid(User user) -->
    <update id="updateInforByuid">
        UPDATE
        t_user
        SET
        <if test="phone != null">phone = #{phone},</if>
        <if test="email != null">email = #{email},</if>
        <if test="gender != null">gender = #{gender},</if>
        modified_user = #{modifiedUser},
        modified_time = #{modifiedTime}
        WHERE
        uid = #{uid}
    </update>

<!--    更新头像-->
<update id="updateavatarByuid">
    update t_user
      set
        avatar=#{avatar},
        modified_user=#{modified_user},
        modified_time=#{modified_time}

     where uid=#{uid}


</update>


</mapper>